ID,Jmeno,Prijmeni,Zacatek_prace
1,Killie,La Wille,2022-09-10
2,Jaquelyn,Sidsaff,2022-05-27
3,Wendye,Keemar,2022-12-12
4,Mariel,Bowdon,2022-07-06
5,Warner,Northrop,2022-08-24
6,Deidre,Huyton,2022-02-25
7,Mariellen,Glossup,2022-08-13
8,Coralie,Duckfield,2022-02-11
9,Miner,Cohr,2022-04-30
10,Michel,Ioan,2022-05-13
11,Adelice,Condie,2022-11-30
12,Renado,Notti,2022-02-08
13,Carlita,Romi,2022-11-07
14,Maisie,Oldacre,2022-06-10
15,Cassy,Worthing,2022-11-28
16,Jessey,Mence,2022-02-04
17,Cleopatra,Bridge,2022-01-16
18,Julia,Vyvyan,2022-04-22
19,Rawley,Denziloe,2022-03-03
20,Aurelea,Needs,2022-05-22
